,kWh,label
0,481.43475763664316,Non-production
1,484.0350069486274,Non-production
2,487.2806938976453,Non-production
3,491.30227380554277,Non-production
4,495.9647432495189,Non-production
5,500.91789811317767,Non-production
6,505.7475159837158,Non-production
7,510.194999674747,Non-production
8,514.3791031642519,Non-production
9,518.9373350734963,Non-production
10,525.0177464720581,Power-up
11,534.0936950727665,Power-up
12,547.6313737027292,Power-up
13,566.6913322605111,Power-up
14,591.5720766736903,Power-up
15,621.5983719492739,Power-up
16,655.1243267446646,Power-up
17,689.7722264653486,Power-up
18,722.8695446972503,Power-up
19,751.98508245855,Power-up
20,775.4171988939765,Power-up
21,792.4797550708814,Power-up
22,803.4860776331354,Power-up
23,809.4407265433817,Production
24,811.5685617026827,Production
25,810.8793320998963,Production
26,807.9445645123114,Production
27,802.9600313563874,Production
28,796.0320861451344,Production
29,787.5250929208055,Production
30,778.2868352569412,Production
31,769.6342568264868,Production
32,763.0954666835751,Production
33,760.0079473038477,Production
34,761.1226880239894,Production
35,766.3490074160195,Production
36,774.7162825172852,Production
37,784.5592581096813,Production
38,793.8758446706115,Production
39,800.7675903027459,Production
40,803.8543485094248,Production
41,802.5595268607799,Production
42,797.1948510362023,Production
43,788.8297734547139,Production
44,778.992847376164,Production
45,769.2964432701792,Production
46,761.0866580985673,Production
47,755.1989141386474,Production
48,751.8610485382043,Production
49,750.7458241661936,Production
50,751.1432071948132,Production
51,752.2017700036184,Production
52,753.17833959593,Production
53,753.6365551186233,Production
54,753.548784987164,Production
55,753.2794932643237,Production
56,753.4563848047949,Production
57,754.7624707620063,Production
58,757.7028726832455,Production
59,762.4113655199463,Production
60,768.5595946989001,Production
61,775.411682078784,Production
62,782.0256784294955,Production
63,787.547463677478,Production
64,791.4930289252388,Production
65,793.9005317069303,Production
66,795.273799699466,Production
67,796.3268958726908,Production
68,797.6367519617821,Production
69,799.3656005243972,Production
70,801.1914229134011,Production
71,802.4876493019518,Production
72,802.6691498846727,Production
73,801.533996084201,Production
74,799.4253588029225,Production
75,797.1177238866942,Production
76,795.4554134625881,Production
77,794.8795477593384,Production
78,795.0269538277388,Production
79,794.5601081688229,Production
80,791.3108157368509,Power-down
81,782.7248266876277,Power-down
82,766.5077984094959,Power-down
83,741.3107681944066,Power-down
84,707.2647977772245,Power-down
85,666.1906536972238,Power-down
86,621.3817171334902,Power-down
87,576.9817201551748,Power-down
88,537.1155188104171,Power-down
89,505.0210528493046,Power-down
90,482.4285762913977,Power-down
91,469.3398361976304,Power-down
92,464.2225530688182,Power-down
93,464.5169920608056,Non-production
94,467.29037865612435,Non-production
95,469.8726661546121,Non-production
96,470.34357920188256,Non-production
97,467.7951293601527,Non-production
98,462.35230166314955,Non-production
99,454.98819173068125,Non-production
100,447.20941472535634,Non-production
101,440.7044594219859,Non-production
102,437.03860136374686,Non-production
103,437.4497518550561,Power-up
104,442.7625659063845,Power-up
105,453.4049601030278,Power-up
106,469.4871612420952,Power-up
107,490.8897810081148,Power-up
108,517.3079232334129,Power-up
109,548.2183293581976,Power-up
110,582.774843552694,Power-up
111,619.6821088969772,Power-up
112,657.1299254359175,Power-up
113,692.8729991448553,Power-up
114,724.5021170117575,Power-up
115,749.8782757145838,Power-up
116,767.6176698765048,Power-up
117,777.463898180051,Power-up
118,780.3987606257019,Production
119,778.4278808613507,Production
120,774.0952156120209,Production
121,769.8746845598274,Production
122,767.6179078049272,Production
123,768.2021718626552,Production
124,771.4495030862707,Production
125,776.310055694078,Production
126,781.243083593369,Production
127,784.6929821034953,Production
128,785.544760068373,Production
129,783.4515488192053,Production
130,778.9563822714088,Production
131,773.3782257838932,Production
132,768.4877998646353,Production
133,766.0478356238142,Production
134,767.3242225853708,Production
135,772.6853823768955,Production
136,781.3971777420884,Production
137,791.6883345498215,Production
138,801.1039712631529,Production
139,807.0867134543353,Production
140,807.6463200244983,Production
141,801.9323575351623,Production
142,790.5372552517628,Production
143,775.4312212852161,Production
144,759.538139650945,Production
145,746.0609644248552,Production
146,737.7260699159167,Production
147,736.131396967357,Production
148,741.360193508412,Production
149,751.9670776955633,Production
150,765.3573595004952,Production
151,778.4722549856452,Production
152,788.591283058241,Production
153,794.013399209076,Production
154,794.4126331235345,Production
155,790.7763710236707,Production
156,784.9784023640906,Production
157,779.1522366085571,Production
158,775.0710831637638,Production
159,773.7070100896416,Production
160,775.0626872412718,Production
161,778.2828065877777,Production
162,781.9846384567759,Production
163,784.7063704655785,Production
164,785.3561276847413,Production
165,783.5512059863396,Production
166,779.7645628861244,Production
167,775.2402433042749,Production
168,771.6920625815894,Production
169,770.8483445522351,Production
170,773.9404546567641,Production
171,781.2504062362515,Production
172,791.8316012544045,Production
173,803.4936101880761,Production
174,813.0922301253582,Production
175,817.091906867913,Power-down
176,812.2864251657272,Power-down
177,796.5062942188091,Power-down
178,769.1354621883481,Power-down
179,731.3113904281857,Power-down
180,685.7676364074741,Power-down
181,636.3618753437042,Power-down
182,587.3941339668562,Power-down
183,542.8588049687397,Power-down
184,505.7906667227539,Power-down
185,477.8501756226084,Power-down
186,459.23531769536345,Power-down
187,448.91264947901107,Power-down
188,445.06254267852785,Power-down
189,445.5780010596917,Non-production
190,448.4679585623607,Non-production
191,452.0841430682775,Non-production
192,455.1788348992952,Non-production
193,456.8680775449931,Non-production
194,456.59420837728123,Non-production
195,454.1505190864053,Non-production
196,449.77072677232366,Non-production
197,444.2297666351427,Non-production
198,438.8775483345689,Non-production
199,435.54274155033437,Non-production
200,436.28842882681204,Power-up
201,443.0535054413424,Power-up
202,457.25288769848015,Power-up
203,479.42686365086064,Power-up
204,509.02693575556765,Power-up
205,544.4057237326119,Power-up
206,583.0402104809625,Power-up
207,621.9603653726265,Power-up
208,658.2924317967299,Power-up
209,689.7840733791635,Power-up
210,715.1784368512101,Power-up
211,734.346891972159,Power-up
212,748.1565960653514,Power-up
213,758.1147915766314,Power-up
214,765.8826918406556,Production
215,772.7841800494465,Production
216,779.4436877106062,Production
217,785.6636259186384,Production
218,790.5887526827705,Production
219,793.1133461737036,Production
220,792.3970862353146,Production
221,788.3063107084294,Production
222,781.6168885524706,Production
223,773.9014059603383,Production
224,767.1405807858782,Production
225,763.1945841257057,Production
226,763.3059589316207,Production
227,767.7770441901074,Production
228,775.8959228277041,Production
229,786.1098832608672,Production
230,796.3868048456189,Production
231,804.6688265604137,Production
232,809.3082949507747,Production
233,809.3845677334278,Production
234,804.833965462988,Production
235,796.3790146926764,Production
236,785.3000829038225,Production
237,773.1305587603207,Production
238,761.363109345065,Production
239,751.2326952381785,Production
240,743.6061710813306,Production
241,738.9731866760433,Production
242,737.5074688696169,Production
243,739.1544708642992,Production
244,743.7019668295252,Production
245,750.8045906987007,Production
246,759.9582258892798,Production
247,770.447787291851,Production
248,781.3124922397432,Production
249,791.3772871995051,Production
250,799.3823149223599,Production
251,804.2060231845874,Production
252,805.1335623179434,Production
253,802.089487126621,Production
254,795.7495251075136,Production
255,787.4751137169031,Production
256,779.0653260623588,Production
257,772.3739456004575,Production
258,768.8792062606337,Production
259,769.31371861539,Production
260,773.4600491556249,Production
261,780.188977390578,Production
262,787.7583125591545,Production
263,794.3069597296691,Production
264,798.3983181263623,Production
265,799.4282355893203,Production
266,797.7441921172689,Production
267,794.4205457902442,Production
268,790.7606146785175,Production
269,787.6959185788947,Production
270,785.2870070155946,Production
271,782.4929430092832,Production
272,777.2905638925972,Power-down
273,767.1239799690115,Power-down
274,749.5768148723572,Power-down
275,723.0989201026338,Power-down
276,687.5928473615029,Power-down
277,644.682023075696,Power-down
278,597.5524715528773,Power-down
279,550.3786733139507,Power-down
280,507.47676060171057,Power-down
281,472.418969882767,Power-down
282,447.3497484716772,Power-down
283,432.66602240958684,Power-down
284,427.10356687261674,Power-down
285,428.1621776815966,Power-down
286,432.7363586642292,Non-production
287,437.7966900198846,Non-production
288,440.9778617100775,Non-production
289,440.963653093263,Non-production
290,437.61176110478743,Non-production
291,431.82381756667644,Non-production
292,425.22313762320596,Non-production
293,419.7381923945848,Non-production
294,417.19483982639935,Non-production
295,418.99903797933945,Power-up
296,425.9570351839412,Power-up
297,438.2443953988021,Power-up
298,455.50414566531674,Power-up
299,477.02891296267217,Power-up
300,501.96603198921133,Power-up
301,529.4848569907937,Power-up
302,558.8637803223982,Power-up
303,589.4844196713419,Power-up
304,620.7517261998779,Power-up
305,651.9820657014302,Power-up
306,682.3104088356587,Power-up
307,710.6606221502915,Power-up
308,735.8027167542505,Power-up
309,756.495308267626,Power-up
310,771.6886120782873,Power-up
311,780.7475108588617,Power-up
312,783.645337929615,Production
313,781.0764983421749,Production
314,774.4436848139352,Production
315,765.6976866265733,Production
316,757.0416277226054,Production
317,750.5465269794698,Production
318,747.7520555863724,Production
319,749.3412972745266,Production
320,754.9782342325992,Production
321,763.3749972611347,Production
322,772.6056285703523,Production
323,780.6082009216871,Production
324,785.7416963622553,Production
325,787.2251506161433,Production
326,785.3119960977837,Production
327,781.1399926642185,Production
328,776.3111317104631,Production
329,772.3468489606701,Production
330,770.1967073386156,Production
331,769.9491108993444,Production
332,770.8219365141556,Production
333,771.4284995589686,Production
334,770.2415613547084,Production
335,766.1258890185608,Production
336,758.785394932263,Production
337,748.9832881845651,Production
338,738.449863552869,Production
339,729.4855203975378,Production
340,724.3678545261893,Production
341,724.7399891950763,Production
342,731.1615341250698,Production
343,742.9425860771559,Production
344,758.2858033167984,Production
345,774.6746458261307,Production
346,789.39552387069,Production
347,800.0705357038171,Production
348,805.0931160823961,Production
349,803.8890752451223,Production
350,796.9650624285886,Production
351,785.7522022402462,Production
352,772.2953089219877,Production
353,758.8645052001325,Production
354,747.569547243597,Production
355,740.0424401047493,Production
356,737.2315212482463,Production
357,739.3275431465042,Production
358,745.8204161041651,Production
359,755.6631119795794,Production
360,767.4997735828465,Production
361,779.904578121737,Production
362,791.5794473067808,Production
363,801.4699940972201,Production
364,808.7770150360711,Production
365,812.8654043693548,Production
366,813.1045363902632,Production
367,808.708631283217,Power-down
368,798.6665956137167,Power-down
369,781.8390352464371,Power-down
370,757.2474640466959,Power-down
371,724.4993723259726,Power-down
372,684.2130222698871,Power-down
373,638.2660519447262,Power-down
374,589.7229645682536,Power-down
375,542.4001957675639,Power-down
376,500.16423667871356,Power-down
377,466.163721610032,Power-down
378,442.21990088049927,Power-down
379,428.5361032310814,Power-down
380,423.77546226323733,Power-down
381,425.45183029884566,Non-production
382,430.51460410129187,Non-production
383,435.9861960230017,Non-production
384,439.5193672253352,Non-production
385,439.77179334713816,Non-production
386,436.5421653676369,Non-production
387,430.66818733128224,Non-production
388,423.73859235249427,Non-production
389,417.70426698688277,Non-production
390,414.48054089568853,Non-production
391,415.6174966851689,Power-up
392,422.0884135268599,Power-up
393,434.21731439659567,Power-up
394,451.7379700800622,Power-up
395,473.9493844942685,Power-up
396,499.91240187127636,Power-up
397,528.6276758175874,Power-up
398,559.1501775020356,Power-up
399,590.6234058902002,Power-up
400,622.2465167801446,Power-up
401,653.2100182222705,Power-up
402,682.6443513845644,Power-up
403,709.6186607870782,Power-up
404,733.2072268151793,Power-up
405,752.6153999081516,Power-up
406,767.3338773436129,Power-up
407,777.2759862361032,Power-up
408,782.8496483230796,Production
409,784.9251537957729,Production
410,784.6843177713934,Production
411,783.37499887148,Production
412,782.0351593831641,Production
413,781.272204482314,Production
414,781.1713589721793,Production
415,781.3633576479522,Production
416,781.2253938166702,Production
417,780.1448047733196,Production
418,777.7597180428197,Production
419,774.1068371789564,Production
420,769.6418850295684,Production
421,765.1362532071352,Production
422,761.4823760058762,Production
423,759.4570626889586,Production
424,759.4984513663125,Production
425,761.5503846393342,Production
426,765.0176833027168,Production
427,768.8562730979943,Production
428,771.7947715717428,Production
429,772.6526589194561,Production
430,770.6890243605993,Production
431,765.8910072229284,Production
432,759.1023157475632,Production
433,751.9128894515067,Production
434,746.2900789727178,Production
435,744.022159406245,Production
436,746.1347893674408,Production
437,752.48383828794,Production
438,761.6890824872166,Production
439,771.4559652187905,Production
440,779.1853568262012,Production
441,782.664173761814,Production
442,780.6133669029504,Production
443,772.9454468761212,Production
444,760.7051291457905,Production
445,745.7710930946266,Production
446,730.4432416470056,Production
447,717.0266677740533,Production
448,707.4784157104365,Production
449,703.1399231139108,Production
450,704.5580122058556,Production
451,711.4022761324514,Production
452,722.5027749687182,Production
453,736.0376891763349,Production
454,749.8774889379079,Production
455,762.0379624258394,Production
456,771.1313062415667,Production
457,776.6703379002172,Production
458,779.1055124279573,Production
459,779.5577597602557,Production
460,779.3188417641556,Production
461,779.2769493760146,Production
462,779.4538958128288,Production
463,778.8058701348465,Production
464,775.3613273855821,Power-down
465,766.6754563575447,Power-down
466,750.4944973834281,Power-down
467,725.4599505524304,Power-down
468,691.6536954176499,Power-down
469,650.804190301573,Power-down
470,606.0541126957023,Power-down
471,561.3240181438501,Power-down
472,520.4513353314139,Power-down
473,486.3725595450534,Power-down
474,460.5998324147314,Power-down
475,443.1249625748335,Power-down
476,432.7221088779494,Power-down
477,427.491235320134,Power-down
478,425.4369341176977,Non-production
479,424.9120126098756,Non-production
480,424.83859204454086,Non-production
481,424.70939905206626,Non-production
482,424.4374802980035,Non-production
483,424.1510187196203,Non-production
484,424.0240724541711,Non-production
485,424.20416823729806,Non-production
486,424.8545257526008,Non-production
487,426.2824084881716,Non-production
488,429.08762025828804,Power-up
489,434.2491624746287,Power-up
490,443.08123657523583,Power-up
491,457.03004932930145,Power-up
492,477.3381079489438,Power-up
493,504.65419957151875,Power-up
494,538.6964906319197,Power-up
495,578.0733946058175,Power-up
496,620.3355749357113,Power-up
497,662.2833008236148,Power-up
498,700.4939667216089,Power-up
499,731.9704358277185,Power-up
500,754.7561587590634,Power-up
501,768.3438254128009,Power-up
502,773.7447575746487,Power-up
503,773.1856403021424,Production
504,769.5207155684385,Production
505,765.5363736520011,Production
506,763.3442449749718,Production
507,764.010018014001,Production
508,767.4797328322181,Production
509,772.7807590937541,Production
510,778.4150933323489,Production
511,782.8337078936639,Production
512,784.877635339397,Production
513,784.0884038134808,Production
514,780.8236812022566,Production
515,776.1591324280116,Production
516,771.6058326948519,Production
517,768.7129136283314,Production
518,768.649566737412,Production
519,771.8669417309904,Production
520,777.9290925185595,Production
521,785.5713783760389,Production
522,792.9923734491674,Production
523,798.3166143982334,Production
524,800.1007964537282,Production
525,797.726104587888,Production
526,791.5474934005108,Production
527,782.7538295550547,Production
528,772.9969778459593,Production
529,763.9256507263021,Production
530,756.77847618659,Production
531,752.1497509183725,Production
532,749.9677905876068,Production
533,749.6548240580438,Production
534,750.3927202100554,Production
535,751.4058036740588,Production
536,752.1837015665318,Production
537,752.5937168019623,Production
538,752.8656492359859,Production
539,753.4659991098373,Production
540,754.9066131110757,Production
541,757.5482918327505,Production
542,761.4581350964634,Production
543,766.3612047412702,Production
544,771.6989671446551,Production
545,776.7778198386839,Production
546,780.9673670429647,Production
547,783.8931546392502,Production
548,785.564822381367,Production
549,786.3918456142917,Production
550,787.067908320149,Production
551,788.3474900600555,Production
552,790.780250094003,Production
553,794.4902374694935,Production
554,799.0735944456783,Production
555,803.6425664944975,Production
556,806.9860832038847,Production
557,807.7770405520557,Production
558,804.7539856293627,Production
559,796.838720619676,Power-down
560,783.1986039418947,Power-down
561,763.2938304665616,Power-down
562,736.9490425234155,Power-down
563,704.4587322528394,Power-down
564,666.6947432176997,Power-down
565,625.1545186141764,Power-down
566,581.8900568636763,Power-down
567,539.2952123227262,Power-down
568,499.7864717269795,Power-down
569,465.4584254162006,Power-down
570,437.80450815906335,Power-down
571,417.5638137201529,Power-down
572,404.70660966626644,Power-down
573,398.53166340398394,Power-down
574,397.8316487397203,Non-production
575,401.08564342981015,Non-production
576,406.6503886678379,Non-production
577,412.93640493703384,Non-production
578,418.5645253379145,Non-production
579,422.49834663121953,Non-production
580,424.1402258435881,Non-production
581,423.37123428588177,Non-production
582,420.5181506903007,Non-production
583,416.24579004237324,Non-production
584,411.39425354179826,Non-production
585,406.7970712440366,Non-production
586,403.12020908361166,Non-production
587,400.7536774232039,Non-production
588,399.7725537293594,Non-production
589,399.9685457084567,Non-production
590,400.9397983447835,Non-production
591,402.2161144889272,Non-production
592,403.3899186913003,Non-production
593,404.2220520007856,Non-production
594,404.69723590163846,Non-production
595,405.01598433653584,Non-production
596,405.52492496489924,Non-production
597,406.6023017375898,Non-production
598,408.5270869453561,Non-production
599,411.3668393436599,Non-production
600,414.91939003762826,Non-production
601,418.7341959676401,Non-production
602,422.21913792332407,Non-production
603,424.81021534699045,Non-production
604,426.15421709808487,Non-production
605,426.2413613411607,Non-production
606,425.43608043791846,Non-production
607,424.3886252573547,Non-production
608,423.85419831800067,Non-production
609,424.4799970442617,Non-production
610,426.6293081523866,Non-production
611,430.2942095125006,Non-production
612,435.1152562991368,Non-production
613,440.4926613044678,Non-production
614,445.7492975916153,Non-production
615,450.2946266806353,Non-production
616,453.7402011228939,Non-production
617,455.9317608978093,Non-production
618,456.88978636842563,Non-production
619,456.6847700869792,Non-production
620,455.3032877783091,Non-production
621,452.57089499927304,Non-production
622,448.1788766324963,Non-production
623,441.81831110494306,Non-production
624,433.37446020517797,Non-production
625,423.1006250787002,Non-production
626,411.6910523191232,Non-production
627,400.2090101301678,Non-production
628,389.88208764759827,Non-production
629,381.8259567637762,Non-production
630,376.7800721454337,Non-production
631,374.9299270319825,Non-production
632,375.8608965018405,Non-production
633,378.65305486306283,Non-production
634,382.09382438166375,Non-production
635,384.95874413231485,Non-production
636,386.29281209419054,Non-production
637,385.6216710502627,Non-production
638,383.0384375612018,Non-production
639,379.1461675529168,Non-production
640,374.8767467645862,Non-production
641,371.2395472433132,Non-production
642,369.06746869673185,Non-production
643,368.8230797842937,Non-production
644,370.50900744644827,Non-production
645,373.70064793691233,Non-production
646,377.6893056449586,Non-production
647,381.69351717470687,Non-production
648,385.07346339025145,Non-production
649,387.47942201688636,Non-production
650,388.8876143200578,Non-production
651,389.52098644675164,Non-production
652,389.70035668641447,Non-production
653,389.6994923215528,Non-production
654,389.6707664406204,Non-production
655,389.6686590864993,Non-production
656,389.7463799480764,Non-production
657,390.06285370413894,Non-production
658,390.9319637198921,Non-production
659,392.7746220396969,Non-production
660,395.981221769346,Non-production
661,400.73396618256726,Non-production
662,406.8570612866005,Non-production
663,413.752896526282,Non-production
664,420.4527591836748,Non-production
665,425.77599118959375,Non-production
666,428.56315307278913,Non-production
667,427.9307270935718,Non-production
668,423.486773734044,Non-production
669,415.44920278477485,Non-production
670,404.624298302736,Non-production
671,392.2357414826398,Non-production
672,379.6403160369133,Non-production
673,368.0123797753394,Non-production
674,358.1019236439511,Non-production
675,350.1494487445073,Non-production
676,343.97780407634883,Non-production
677,339.2096628775008,Non-production
678,335.5178508512452,Non-production
679,332.8191214712619,Non-production
680,331.3582689768441,Non-production
681,331.67568827181367,Non-production
682,334.48870401444054,Power-up
683,340.5366435671507,Power-up
684,350.44171831861644,Power-up
685,364.6248740220708,Power-up
686,383.2896173439206,Power-up
687,406.4525803836637,Power-up
688,433.9715842959726,Power-up
689,465.5188348571471,Power-up
690,500.47732892774724,Power-up
691,537.7922925715164,Power-up
692,575.8606872614534,Power-up
693,612.5605976392062,Power-up
694,645.4888324353919,Power-up
695,672.3930314279174,Power-up
696,691.6864783269485,Power-up
697,702.8695489887484,Power-up
698,706.6919683386249,Power-up
699,704.9787755953481,Production
700,700.1690941692233,Production
701,694.7182547001513,Production
702,690.5472630161946,Production
703,688.6868002388902,Production
704,689.1855656565116,Production
705,691.2719622677428,Production
706,693.6985946404866,Production
707,695.1679320528498,Production
708,694.7315037691918,Production
709,692.0692903632688,Production
710,687.5872040528914,Production
711,682.3142333832535,Production
712,677.6281850222853,Production
713,674.8786338124203,Production
714,674.9992674198289,Production
715,678.2065886575446,Production
716,683.8684437429247,Production
717,690.593768075852,Production
718,696.5433132352401,Production
719,699.8953645151889,Production
720,699.3397497427577,Production
721,694.4468790446318,Production
722,685.788485103022,Production
723,674.7702357261467,Production
724,663.2399875766879,Production
725,653.0116335795813,Production
726,645.4602979966619,Production
727,641.299719339326,Production
728,640.5751582980824,Production
729,642.8314891635765,Production
730,647.3705393095789,Production
731,653.4999489135317,Production
732,660.6924291739061,Production
733,668.6113642258994,Production
734,677.0077613535943,Production
735,685.5433314280705,Production
736,693.6296216595339,Production
737,700.3775641498887,Production
738,704.7167033240804,Production
739,705.6754985355936,Production
740,702.738380013036,Production
741,696.1463503627823,Production
742,687.0129327135415,Production
743,677.1884695359026,Production
744,668.8958535467378,Production
745,664.2373911923132,Production
746,664.7039622811478,Production
747,670.7999561200005,Production
748,681.8516178924339,Production
749,696.0201563031565,Production
750,710.5096563061652,Production
751,721.9416869555946,Production
752,726.8540216775599,Power-down
753,722.2640284639849,Power-down
754,706.218808263571,Power-down
755,678.2386734381438,Power-down
756,639.5540026165858,Power-down
757,593.0479820698902,Power-down
758,542.8637466906686,Power-down
759,493.7182542506518,Power-down
760,450.06271874400716,Power-down
761,415.29374788380585,Power-down
762,391.2123385109896,Power-down
763,377.84892104259495,Power-down
764,373.6603059232245,Power-down
765,376.00920420771905,Power-down
766,381.78787538684895,Non-production
767,388.0425872531605,Non-production
768,392.4794350723177,Non-production
769,393.7722952164042,Non-production
770,391.643097878935,Non-production
771,386.73556243539804,Non-production
772,380.34500690610804,Non-production
773,374.0878734365907,Non-production
774,369.590987454436,Non-production
775,368.25763834388744,Power-up
776,371.13643666680474,Power-up
777,378.88933288682665,Power-up
778,391.8314662555383,Power-up
779,409.9993743581975,Power-up
780,433.1999604516233,Power-up
781,461.0059663211613,Power-up
782,492.6936063509546,Power-up
783,527.1543524470592,Power-up
784,562.8409044403256,Power-up
785,597.8133013541895,Power-up
786,629.9261673168576,Power-up
787,657.1448264441145,Power-up
788,677.9156751470166,Power-up
789,691.4759542346511,Power-up
790,697.9964233049946,Power-up
791,698.5096139884536,Production
792,694.6573675246243,Production
793,688.3511891600433,Production
794,681.4500503034739,Production
795,675.5261050966492,Production
796,671.7355946981446,Production
797,670.7701299174724,Production
798,672.8509991756819,Production
799,677.7459803459556,Production
800,684.817796487338,Production
801,693.1319746492328,Production
802,701.6410711326131,Production
803,709.4215741362124,Production
804,715.8912793174215,Production
805,720.9125879765,Production
806,724.7155151019846,Production
807,727.6495064412192,Production
808,729.8608622456371,Production
809,731.0448417153066,Production
810,730.4054912408171,Production
811,726.8738681561384,Production
812,719.5232723552334,Production
813,708.0305511621651,Production
814,693.0060123382681,Production
815,676.0595150789948,Production
816,659.5616878555971,Production
817,646.1560775550946,Production
818,638.1485526514962,Production
819,636.9330014707001,Production
820,642.608931247966,Production
821,653.9087239933393,Production
822,668.478538243609,Production
823,683.454451410893,Production
824,696.1741756002283,Production
825,704.8096780284986,Production
826,708.7298681672926,Production
827,708.5004852297988,Production
828,705.5572864944126,Production
829,701.6914915456905,Production
830,698.5251551285623,Production
831,697.1264997710091,Production
832,697.846853124518,Production
833,700.3845736676155,Production
834,704.0202803524816,Production
835,707.9309939752544,Production
836,711.4800413850387,Production
837,714.3948164786681,Production
838,716.7838030914329,Production
839,718.9992261543678,Production
840,721.4051407412085,Production
841,724.1418668196391,Production
842,726.9727331528399,Production
843,729.2603776203196,Production
844,730.0660153144177,Production
845,728.3218762371499,Production
846,723.0131376560988,Power-down
847,713.3224864277142,Power-down
848,698.722331295729,Power-down
849,679.025793214336,Power-down
850,654.4160077374307,Power-down
851,625.4652147225885,Power-down
852,593.1390201929601,Power-down
853,558.7670711939685,Power-down
854,523.9585989424835,Power-down
855,490.4545983061056,Power-down
856,459.9326342463162,Power-down
857,433.8017818044422,Power-down
858,413.0313822811604,Power-down
859,398.0458286342485,Power-down
860,388.69772423564626,Power-down
861,384.31561142358026,Power-down
862,383.81458642417385,Non-production
863,385.854879079297,Non-production
864,389.03090357442807,Non-production
865,392.070870889605,Non-production
866,394.0247309162551,Non-production
867,394.41502144569534,Non-production
868,393.322401433733,Non-production
869,391.38035073977363,Non-production
870,389.6673368809435,Non-production
871,389.5100128566776,Non-production
872,392.2394564810726,Power-up
873,398.9600733910094,Power-up
874,410.38620013648494,Power-up
875,426.77475523282385,Power-up
876,447.9469883342851,Power-up
877,473.36636359907345,Power-up
878,502.2323385941017,Power-up
879,533.558772435363,Power-up
880,566.2232214708761,Power-up
881,598.9924258824001,Power-up
882,630.5438567283337,Power-up
883,659.5082837010084,Power-up
884,684.5521399612477,Power-up
885,704.5038816289334,Power-up
886,718.5114403691908,Power-up
887,726.2031883987456,Power-up
888,727.8144546112019,Production
889,724.2374008441949,Production
890,716.9593169905874,Production
891,707.8774960003668,Production
892,699.012838284463,Production
893,692.1758098917096,Production
894,688.6559021320711,Production
895,689.0062876004789,Production
896,692.9809484912233,Production
897,699.652838093189,Production
898,707.6973718797146,Production
899,715.7705269661567,Production
900,722.8640617941755,Production
901,728.5101390860677,Production
902,732.7529725708687,Production
903,735.8977014292872,Production
904,738.1479792905394,Production
905,739.3028561875977,Production
906,738.6662829759077,Production
907,735.2324157125074,Production
908,728.0875700927929,Production
909,716.8723392858572,Production
910,702.1188378100951,Production
911,685.3266874431101,Production
912,668.7386327160284,Production
913,654.8771253075569,Production
914,645.9719315805421,Production
915,643.4343971523568,Production
916,647.5212140096055,Production
917,657.2856896921688,Production
918,670.8400262595065,Production
919,685.8570227542382,Production
920,700.1528808293087,Production
921,712.1566670240859,Production
922,721.1147218377215,Production
923,726.989685516021,Production
924,730.1440019078397,Production
925,730.9828470949362,Production
926,729.7300271327761,Production
927,726.4265542680903,Production
928,721.1209827720222,Production
929,714.1248465252219,Production
930,706.1810227861217,Production
931,698.4441145971421,Production
932,692.2668290357743,Production
933,688.8732425874058,Production
934,689.0392043976965,Production
935,692.8835538563128,Production
936,699.8217748364378,Production
937,708.6767813376723,Production
938,717.9006329802108,Production
939,725.8411930541989,Production
940,730.9861015468791,Production
941,732.1305504640985,Production
942,728.4439577552407,Power-down
943,719.4479550682288,Power-down
944,704.9503627604954,Power-down
945,684.9913967365279,Power-down
946,659.8430795549091,Power-down
947,630.0680580201558,Power-down
948,596.6050462382487,Power-down
949,560.8216497664786,Power-down
950,524.4750324731092,Power-down
951,489.550631234097,Power-down
952,457.9971718291722,Power-down
953,431.41962940478044,Power-down
954,410.8104228533503,Power-down
955,396.3880159629468,Power-down
956,387.5818909406955,Power-down
957,383.16874482838176,Power-down
958,381.5343018924937,Non-production
959,381.00858869186885,Non-production
960,380.2026845008684,Non-production
961,378.27049957697244,Non-production
962,375.03685254952677,Non-production
963,370.9699433968398,Non-production
964,367.0192060923862,Non-production
965,364.37245159240945,Non-production
966,364.198859277602,Power-up
967,367.43664650175435,Power-up
968,374.66395794741084,Power-up
969,386.0673746419036,Power-up
970,401.49864571669957,Power-up
971,420.5885070971215,Power-up
972,442.87159992688686,Power-up
973,467.8757421132554,Power-up
974,495.14470956233265,Power-up
975,524.1908129881307,Power-up
976,554.4019722268707,Power-up
977,584.9478390365766,Power-up
978,614.7336091173482,Power-up
979,642.436410137935,Power-up
980,666.6326264301423,Power-up
981,685.9958981827889,Power-up
982,699.525401167877,Power-up
983,706.7566998353205,Power-up
984,707.9097066190682,Production
985,703.9352908018025,Production
986,696.4345464945361,Production
987,687.4464609856788,Production
988,679.1289773933912,Production
989,673.3864421805829,Production
990,671.51481772931,Production
991,673.9417897418522,Production
992,680.1313495887388,Production
993,688.6984789465591,Production
994,697.7346941429174,Production
995,705.2825744174182,Production
996,709.8364620975838,Production
997,710.7181662871844,Production
998,708.2042129232136,Production
999,703.3623934452716,Production
1000,697.6578457159345,Production
1001,692.4676482376836,Production
1002,688.6664132910771,Production
1003,686.410783154242,Production
1004,685.1791937620155,Production
1005,684.0433354821638,Production
1006,682.0807789310018,Production
1007,678.795522564479,Production
1008,674.402460001339,Production
1009,669.8613206363221,Production
1010,666.6192152281169,Production
1011,666.1258036959929,Production
1012,669.2854752819838,Production
1013,676.0583574829922,Production
1014,685.3818139883086,Production
1015,695.4617758413948,Production
1016,704.3304871056789,Production
1017,710.4574288619827,Production
1018,713.1859487565348,Production
1019,712.8513457242288,Production
1020,710.5698187065748,Production
1021,707.8063793251702,Production
1022,705.8875376368356,Production
1023,705.6136413388903,Production
1024,707.069127930237,Production
1025,709.658747255034,Production
1026,712.3371477984216,Production
1027,713.9572569293563,Production
1028,713.6409982000648,Production
1029,711.0745675588332,Production
1030,706.6503358343566,Production
1031,701.4155595773861,Production
1032,696.8353175547581,Production
1033,694.4208866173744,Production
1034,695.3056020871786,Production
1035,699.8646749613505,Production
1036,707.4732605704886,Production
1037,716.4767923390967,Production
1038,724.4061706875061,Production
1039,728.409938461346,Power-down
1040,725.8109851259535,Power-down
1041,714.6522465934892,Power-down
1042,694.0966109705566,Power-down
1043,664.5930264337965,Power-down
1044,627.7909291940715,Power-down
1045,586.2466460677401,Power-down
1046,543.0005791210766,Power-down
1047,501.1150056393418,Power-down
1048,463.25780851978226,Power-down
1049,431.40033160805285,Power-down
1050,406.66703327113817,Power-down
1051,389.3350759797625,Power-down
1052,378.94683237322783,Power-down
1053,374.482145643994,Power-down
1054,374.5438917637844,Non-production
1055,377.53120533536924,Non-production
1056,381.7972777849729,Non-production
1057,385.80361092864024,Non-production
1058,388.28400189382546,Non-production
1059,388.4176473027139,Non-production
1060,385.98757402894927,Non-production
1061,381.481092053759,Non-production
1062,376.08608539905606,Non-production
1063,371.555565387785,Non-production
1064,369.9464882616859,Power-up
1065,373.27365283426235,Power-up
1066,383.1431973863892,Power-up
1067,400.4381252522238,Power-up
1068,425.1224796505382,Power-up
1069,456.2129791561938,Power-up
1070,491.9340958374657,Power-up
1071,530.0245362258464,Power-up
1072,568.1142052997297,Power-up
1073,604.0665235019061,Power-up
1074,636.1990878627716,Power-up
1075,663.3504532441409,Power-up
1076,684.8251000270767,Power-up
1077,700.2907029447584,Power-up
1078,709.7042302258218,Power-up
1079,713.3099453105724,Production
1080,711.7014439254444,Production
1081,705.8948986471262,Production
1082,697.342287045959,Production
1083,687.8302803655254,Production
1084,679.2535582312106,Production
1085,673.2996116515677,Production
1086,671.1172149295086,Production
1087,673.0552622638421,Production
1088,678.5527317140644,Production
1089,686.2344297205606,Production
1090,694.2195351384204,Production
1091,700.5853952704131,Production
1092,703.8667356740185,Production
1093,703.4403363447008,Production
1094,699.6701502257719,Production
1095,693.7654925123456,Production
1096,687.404109317806,Production
1097,682.2488039035277,Production
1098,679.5101865426197,Production
1099,679.6768477755593,Production
1100,682.469736022063,Production
1101,687.008496017509,Production
1102,692.1235734965614,Production
1103,696.7159609617371,Production
1104,700.0582059616095,Production
1105,701.9480844997113,Production
1106,702.6709160007644,Production
1107,702.789852931272,Production
1108,702.8452275013489,Production
1109,703.0781557944518,Production
1110,703.2828554808887,Production
1111,702.8394204544661,Production
1112,700.9071859592159,Production
1113,696.6998738187822,Production
1114,689.7408891286644,Production
1115,680.0146255244489,Production
1116,667.973105654434,Production
1117,654.405550680617,Production
1118,640.2166316682079,Production
1119,626.1820401902145,Production
1120,612.75621845777,Production
1121,599.9942148199685,Production
1122,587.6165575344894,Power-down
1123,575.1986027395847,Power-down
1124,562.4192804812351,Non-production
1125,549.2781611576773,Non-production
1126,536.1977534878126,Non-production
1127,523.9686329207025,Non-production
1128,513.5517093847961,Non-production
1129,505.80090671748866,Non-production
1130,501.19234025803473,Non-production
1131,499.63836972548563,Non-production
1132,500.43589549460756,Non-production
1133,502.36196886019883,Non-production
1134,503.89542707073,Non-production
1135,503.51409832766564,Non-production
1136,499.99665789913155,Non-production
1137,492.6537990296377,Non-production
1138,481.4318261380196,Non-production
1139,466.87101555432696,Non-production
1140,449.94645287822243,Non-production
1141,431.850568199201,Non-production
1142,413.7822681975207,Non-production
1143,396.78992261416124,Non-production
1144,381.6868465572507,Non-production
1145,369.0314937326192,Non-production
1146,359.148254464136,Non-production
1147,352.160524604551,Non-production
1148,348.01408322041766,Non-production
1149,346.4822721136165,Non-production
1150,347.1595782311353,Non-production
1151,349.46125948373475,Non-production
1152,352.65025978679694,Non-production
1153,355.90795962293186,Non-production
1154,358.4522574040916,Non-production
1155,359.6866923927042,Non-production
1156,359.34393422840037,Non-production
1157,357.5761496151383,Non-production
1158,354.95220645168655,Non-production
1159,352.3480054332433,Non-production
1160,350.7516496032471,Non-production
1161,351.0343115166902,Non-production
1162,353.74863968838145,Non-production
1163,359.00713206683065,Non-production
1164,366.46968460088044,Non-production
1165,375.4415134080214,Non-production
1166,385.05544732644364,Non-production
1167,394.48911090687636,Non-production
1168,403.1530987704403,Non-production
1169,410.78952724533497,Non-production
1170,417.44712217197383,Non-production
1171,423.34444149289453,Non-production
1172,428.67948129363725,Non-production
1173,433.4691093458502,Non-production
1174,437.4907405112705,Non-production
1175,440.3541325554981,Non-production
1176,441.6731246127739,Non-production
1177,441.26288717866566,Non-production
1178,439.2782022643429,Non-production
1179,436.2352805712742,Non-production
1180,432.9081635006839,Non-production
1181,430.1372234019485,Non-production
1182,428.6139933538316,Non-production
1183,428.70897056293757,Non-production
1184,430.3925500275146,Non-production
1185,433.27164492399527,Non-production
1186,436.73141126708856,Non-production
1187,440.1379935422211,Non-production
1188,443.03351449481187,Non-production
1189,445.25101906419263,Non-production
1190,446.90265775714846,Non-production
1191,448.2440624623543,Non-production
1192,449.4719529613466,Non-production
1193,450.5446187977875,Non-production
1194,451.1083969934521,Non-production
1195,450.5689090020752,Non-production
1196,448.2839609995109,Non-production
1197,443.80440512832024,Non-production
1198,437.0718369534034,Non-production
1199,428.50200768259555,Non-production
1200,418.9266123895102,Non-production
1201,409.4125630335284,Non-production
1202,401.01147631219317,Non-production
1203,394.5080912624903,Non-production
1204,390.2359645958372,Non-production
1205,388.0132402623616,Non-production
1206,387.22067828672283,Non-production
1207,387.00233949647065,Non-production
1208,386.52851382308484,Non-production
1209,385.23778733011,Non-production
1210,382.98240482075266,Non-production
1211,380.0364891804859,Non-production
1212,376.9749629539384,Non-production
1213,374.4719726592471,Non-production
1214,373.08702350280385,Non-production
1215,373.10241323887124,Non-production
1216,374.4539238144567,Non-production
1217,376.767772255965,Non-production
1218,379.4874456276704,Non-production
1219,382.0485923787501,Non-production
1220,384.0441309992604,Non-production
1221,385.3225494481567,Non-production
1222,385.9845532854843,Non-production
1223,386.2823704128969,Non-production
1224,386.46704757544734,Non-production
1225,386.6523268144564,Non-production
1226,386.75610971305673,Non-production
1227,386.54415308268557,Non-production
1228,385.75272362476414,Non-production
1229,384.23102150370426,Non-production
1230,382.0373060884317,Non-production
1231,379.44638199877363,Non-production
1232,376.8665803415726,Non-production
1233,374.7012081348081,Non-production
1234,373.2074756269631,Non-production
1235,372.40179532017606,Non-production
1236,372.0408468740122,Non-production
1237,371.68317243392164,Non-production
1238,370.8139436699521,Non-production
1239,368.9993544021576,Non-production
1240,366.0284533103011,Non-production
1241,362.00120327665303,Non-production
1242,357.33401530769504,Non-production
1243,352.6766985005655,Non-production
1244,348.7612313880711,Non-production
1245,346.22341022550387,Non-production
1246,345.44587449287667,Non-production
1247,346.46397449716835,Non-production
1248,348.9587572071487,Non-production
1249,352.33980856290214,Non-production
1250,355.89845435118696,Non-production
1251,358.99135581538803,Non-production
1252,361.20090805698385,Non-production
1253,362.42002323852455,Non-production
1254,362.83041758616565,Non-production
1255,362.78187620152045,Non-production
1256,362.6204399880522,Non-production
1257,362.53638807386636,Non-production
1258,362.4951123069402,Non-production
1259,362.2774278321785,Non-production
1260,361.60747557039804,Non-production
1261,360.30919292290514,Non-production
1262,358.4230226431627,Non-production
1263,356.235025033056,Non-production
1264,354.2084560698063,Non-production
1265,352.84475589694847,Non-production
1266,352.52280287783555,Non-production
1267,353.3682236040664,Non-production
1268,355.1926133430008,Non-production
1269,357.5222730627577,Non-production
1270,359.71226799573304,Non-production
1271,361.11760775954264,Non-production
1272,361.2741909264491,Non-production
1273,360.03515568269614,Non-production
1274,357.6190877939126,Non-production
1275,354.5539348786757,Non-production
1276,351.5346051052022,Non-production
1277,349.23915695035527,Non-production
1278,348.1582708800075,Non-production
1279,348.4842639065315,Non-production
1280,350.085559839205,Non-production
1281,352.56840585499066,Non-production
1282,355.40514553705617,Non-production
1283,358.09039951233905,Non-production
1284,360.2767317158114,Non-production
1285,361.84511163488526,Non-production
1286,362.88598791744454,Non-production
1287,363.600199611194,Non-production
1288,364.16269677976794,Non-production
1289,364.60982642336126,Non-production
1290,364.80204945011803,Non-production
1291,364.4804926187853,Non-production
1292,363.39281348491585,Non-production
1293,361.43211841760433,Non-production
1294,358.7272407182138,Non-production
1295,355.64505948346675,Non-production
1296,352.7033204351649,Non-production
1297,350.42711069260736,Non-production
1298,349.1998579402336,Non-production
1299,349.15719823168405,Non-production
1300,350.15492842659006,Non-production
1301,351.81893683752986,Non-production
1302,353.66158089574606,Non-production
1303,355.2291023884429,Non-production
1304,356.2326863663581,Non-production
1305,356.6175541717134,Non-production
1306,356.5437436631943,Non-production
1307,356.2853734504865,Non-production
1308,356.0896260064641,Non-production
1309,356.0558072164092,Non-production
1310,356.08747012310596,Non-production
1311,355.93842309618765,Non-production
1312,355.33131144976704,Non-production
1313,354.09573853844546,Non-production
1314,352.26632998003265,Non-production
1315,350.10116715136616,Non-production
1316,348.0159289250314,Non-production
1317,346.4616883616094,Non-production
1318,345.7917581912199,Non-production
1319,346.16205180230446,Non-production
1320,347.49490700162966,Non-production
1321,349.51547898407,Non-production
1322,351.84803230686106,Non-production
1323,354.1403632782893,Non-production
1324,356.17284328143205,Non-production
1325,357.9102955758489,Non-production
1326,359.47373320113076,Non-production
1327,361.04111812331473,Non-production
1328,362.71921826493497,Non-production
1329,364.44598592475376,Non-production
1330,365.97363169592927,Non-production
1331,366.9484274800802,Non-production
1332,367.0592885234283,Non-production
1333,366.194398570136,Non-production
1334,364.5392144542765,Non-production
1335,362.5720644483074,Non-production
1336,360.9531715866652,Non-production
1337,360.3409983685514,Non-production
1338,361.1923078220364,Non-production
1339,363.6051695463472,Non-production
1340,367.2512371340367,Non-production
1341,371.42113058962184,Non-production
1342,375.17891749372177,Non-production
1343,377.59195550342724,Non-production
1344,377.9773163735869,Non-production
1345,376.0957248362063,Non-production
1346,372.23651683069573,Non-production
1347,367.17139731307293,Non-production
1348,361.9977127124432,Non-production
1349,357.9248867775297,Non-production
1350,356.0677191022428,Non-production
1351,357.2972553057941,Power-up
1352,362.1740778189506,Power-up
1353,370.9620705261684,Power-up
1354,383.6995654602459,Power-up
1355,400.2911240865879,Power-up
1356,420.57926473885556,Power-up
1357,444.3642735814378,Power-up
1358,471.3609708414846,Power-up
1359,501.10748803716484,Power-up
1360,532.8640948070688,Power-up
1361,565.5519561095863,Power-up
1362,597.7762230270909,Power-up
1363,627.9536458697614,Power-up
1364,654.5291014267522,Power-up
1365,676.232288220121,Power-up
1366,692.3089266819192,Power-up
1367,702.6649939327148,Power-up
1368,707.8826209613061,Production
1369,709.0940904226065,Production
1370,707.7324616477362,Production
1371,705.2123339440407,Production
1372,702.623537048033,Production
1373,700.5281337599519,Production
1374,698.9256111935142,Production
1375,697.396845039894,Production
1376,695.3748372272287,Production
1377,692.4458432895958,Production
1378,688.5767883396315,Production
1379,684.1951004519583,Production
1380,680.1001814933785,Production
1381,677.2399454322021,Production
1382,676.4244327410607,Production
1383,678.0647760054206,Production
1384,682.0198735609831,Production
1385,687.60623431142,Production
1386,693.7797529899832,Production
1387,699.438815487686,Production
1388,703.745593230628,Production
1389,706.3438149260622,Production
1390,707.3851515395265,Production
1391,707.3560086037673,Production
1392,706.7873084968795,Production
1393,705.9852445997901,Production
1394,704.909700500684,Production
1395,703.2524773678608,Production
1396,700.667229027669,Production
1397,697.0284871018373,Production
1398,692.5853568567635,Production
1399,687.9294455952042,Production
1400,683.7856580779683,Production
1401,680.7133770003502,Production
1402,678.8401318894167,Production
1403,677.7324537821468,Production
1404,676.4553507687124,Production
1405,673.8082017585784,Production
1406,668.6710264518836,Production
1407,660.3609369158552,Production
1408,648.8884813666613,Production
1409,635.0221317000024,Production
1410,620.1198052400042,Production
1411,605.7622203332284,Production
1412,593.2994608447872,Production
1413,583.4640425075106,Production
1414,576.1855668727886,Production
1415,570.6665831819397,Non-production
1416,565.6797607251171,Non-production
1417,559.9686133065045,Non-production
1418,552.6097402590693,Non-production
1419,543.2263723597468,Non-production
1420,532.0079816614026,Non-production
1421,519.5577048666815,Non-production
1422,506.63639100450996,Non-production
1423,493.89228389103425,Non-production
1424,481.6610435352815,Non-production
1425,469.89626187067785,Non-production
1426,458.2501685984879,Non-production
1427,446.27546206758393,Non-production
1428,433.6759595522511,Non-production
1429,420.5130768015801,Non-production
1430,407.2884989123454,Non-production
1431,394.8683762740713,Non-production
1432,384.2732244103149,Non-production
1433,376.40536372916654,Non-production
1434,371.8031253965662,Non-production
1435,370.4948685833336,Non-production
1436,371.9883799114787,Non-production
1437,375.39025321938703,Non-production
1438,379.6171600419289,Non-production
1439,383.6400185939889,Non-production
1440,386.6945273446562,Non-production
1441,388.40109528034003,Non-production
1442,388.7662648982431,Non-production
1443,388.08070241951714,Non-production
1444,386.7697873242242,Non-production
1445,385.271719839645,Non-production
1446,384.0026056232956,Non-production
1447,383.422586429512,Non-production
1448,384.16228622731563,Non-production
1449,387.13087057800243,Power-up
1450,393.52395703132254,Power-up
1451,404.6831420648491,Power-up
1452,421.81518332968585,Power-up
1453,445.6355033904434,Power-up
1454,476.03627803074835,Power-up
1455,511.8829747431497,Power-up
1456,551.0178521638326,Power-up
1457,590.5046110453771,Power-up
1458,627.092023807897,Power-up
1459,657.811155950343,Power-up
1460,680.5649512059135,Power-up
1461,694.5463959244614,Power-up
1462,700.3557236529953,Power-up
1463,699.7774707984813,Production
1464,695.2899650284032,Production
1465,689.4621632008134,Production
1466,684.4121655779445,Production
1467,681.4600344154419,Production
1468,681.0325031466167,Production
1469,682.8010632325371,Production
1470,685.9787757641203,Production
1471,689.6720527861821,Production
1472,693.1814032328335,Production
1473,696.1682090627646,Production
1474,698.6497248404571,Production
1475,700.842345309931,Production
1476,702.926190970253,Production
1477,704.8314642950102,Production
1478,706.1356114714465,Production
1479,706.1133445691294,Production
1480,703.9193816053328,Production
1481,698.8344583076345,Production
1482,690.4898623529369,Production
1483,679.00693214184,Production
1484,665.0287131484955,Production
1485,649.6568120307555,Production
1486,634.3218639313874,Production
1487,620.6119271504002,Production
1488,610.0721066438566,Production
1489,603.9845317924,Production
1490,603.1472403699045,Production
1491,607.6903531753597,Production
1492,616.9863491731016,Production
1493,629.711523852325,Production
1494,644.0836269289771,Production
1495,658.2374346724487,Production
1496,670.6312477492303,Production
1497,680.3435488581147,Production
1498,687.1495847610123,Production
1499,691.3573723497298,Production
1500,693.489758985121,Production
1501,693.9675137920527,Production
1502,692.9409490288932,Production
1503,690.3379575670039,Production
1504,686.0861087515179,Production
1505,680.3816826159215,Production
1506,673.860092351359,Production
1507,667.5749353868504,Production
1508,662.7850925117066,Production
1509,660.632214450499,Production
1510,661.8274859821195,Production
1511,666.4491621813196,Production
1512,673.900848772078,Production
1513,683.0244063884473,Production
1514,692.3210056047749,Production
1515,700.21431898123,Production
1516,705.2883234871595,Production
1517,706.4464118005737,Production
1518,702.9673091819724,Power-down
1519,694.4710217554388,Power-down
1520,680.8409524778897,Power-down
1521,662.1605039009776,Power-down
1522,638.7072859746861,Power-down
1523,611.0125186161101,Power-down
1524,579.9529200520003,Power-down
1525,546.8145935387164,Power-down
1526,513.2670726047357,Power-down
1527,481.2145928572575,Power-down
1528,452.53932867134193,Power-down
1529,428.7954314249609,Power-down
1530,410.93355933955604,Power-down
1531,399.1277113782778,Power-down
1532,392.74882997095386,Power-down
1533,390.49631942420405,Non-production
1534,390.66596422650525,Non-production
1535,391.50148806393804,Non-production
1536,391.5519342993151,Non-production
1537,389.94953203951985,Non-production
1538,386.54166552060417,Non-production
1539,381.8529300728005,Non-production
1540,376.90328041187223,Non-production
1541,372.94593220012445,Non-production
1542,371.20101763654594,Non-production
1543,372.64820816730725,Power-up
1544,377.91408593688783,Power-up
1545,387.2600936535223,Power-up
1546,400.6511770680956,Power-up
1547,417.8661322770556,Power-up
1548,438.60166261330426,Power-up
1549,462.5279720811049,Power-up
1550,489.27469677252606,Power-up
1551,518.3554664359834,Power-up
1552,549.0671701932355,Power-up
1553,580.4161482480341,Power-up
1554,611.1207062938515,Power-up
1555,639.7160905481167,Power-up
1556,664.7519114281129,Power-up
1557,685.0374484671414,Power-up
1558,699.871045440094,Power-up
1559,709.191217660987,Power-up
1560,713.6046525440754,Production
1561,714.2725005575529,Production
1562,712.6681295066777,Production
1563,710.2554644882855,Production
1564,708.1684964762744,Production
1565,706.9834310901878,Production
1566,706.6533790096672,Production
1567,706.6248445513265,Production
1568,706.0948576082322,Production
1569,704.3227644707282,Production
1570,700.8990628122655,Production
1571,695.896371991826,Production
1572,689.8706260153244,Production
1573,683.7245049807497,Production
1574,678.4765661216148,Production
1575,674.9953009699894,Production
1576,673.7605043881971,Production
1577,674.7081374294281,Production
1578,677.2000000586621,Production
1579,680.1359706940641,Production
1580,682.1967082366103,Production
1581,682.1734859836207,Production
1582,679.3143788199533,Production
1583,673.5974656624566,Production
1584,665.8395299310707,Production
1585,657.5732159505689,Production
1586,650.6838744594047,Production
1587,646.8819341962566,Production
1588,647.1678939577255,Production
1589,651.4817344676844,Production
1590,658.6846618905404,Production
1591,666.9032377418948,Production
1592,674.1222285596782,Production
1593,678.8116556007635,Production
1594,680.3646279624948,Production
1595,679.2065529698367,Production
1596,676.5679357999584,Production
1597,674.0296392184244,Production
1598,673.0071147437876,Production
1599,674.3312740024498,Production
1600,678.0301673708357,Production
1601,683.3478485728011,Production
1602,688.9760603497003,Production
1603,693.4289144099761,Production
1604,695.4627251333585,Production
1605,694.43525569624,Production
1606,690.5135977482602,Production
1607,684.6759033262676,Production
1608,678.500251563205,Production
1609,673.7817921745408,Production
1610,672.0581444542934,Production
1611,674.1489519197258,Production
1612,679.8247109747333,Production
1613,687.7050788216247,Production
1614,695.4403631012974,Production
1615,700.154783707007,Production
1616,699.0479668970837,Power-down
1617,689.9964291141684,Power-down
1618,671.9972842000411,Power-down
1619,645.3533930371057,Power-down
1620,611.5838902735826,Power-down
1621,573.1168999804478,Power-down
1622,532.8590956990543,Power-down
1623,493.74124624574,Power-down
1624,458.32303859234895,Power-down
1625,428.5141168333978,Power-down
1626,405.43590850831094,Power-down
1627,389.4154418691139,Power-down
1628,380.0771767767433,Power-down
1629,376.4902984518625,Power-down
1630,377.33653343199927,Non-production
1631,381.0786166184766,Non-production
1632,386.1234888466559,Non-production
1633,390.9829186945834,Non-production
1634,394.4350613201946,Non-production
1635,395.6820259919792,Non-production
1636,394.4837882529092,Non-production
1637,391.2362192934212,Non-production
1638,386.9600673126667,Non-production
1639,383.1823862827506,Non-production
1640,381.717454705255,Power-up
1641,384.38018054161023,Power-up
1642,392.6820276822098,Power-up
1643,407.5646111299126,Power-up
1644,429.22168950361237,Power-up
1645,457.0479599415807,Power-up
1646,489.7298520671453,Power-up
1647,525.4582720685623,Power-up
1648,562.2065532727181,Power-up
1649,597.9982435157106,Power-up
1650,631.1016618530047,Power-up
1651,660.1262222968878,Power-up
1652,684.0392554182106,Power-up
1653,702.1496711494909,Power-up
1654,714.1054636652195,Power-up
1655,719.9290095574304,Production
1656,720.0794389454608,Production
1657,715.5007011691782,Production
1658,707.6026180808918,Production
1659,698.1378901408161,Production
1660,688.9738316934813,Production
1661,681.7962445659423,Production
1662,677.8093604931609,Production
1663,677.5050056723709,Production
1664,680.5670216458382,Production
1665,685.9537576051134,Production
1666,692.1605613835854,Production
1667,697.6094322937578,Production
1668,701.0611796693817,Production
1669,701.922532579626,Production
1670,700.3458546155426,Production
1671,697.0892754046023,Production
1672,693.1920978481371,Production
1673,689.585743091833,Production
1674,686.7773643780279,Production
1675,684.7094740089169,Production
1676,682.8337334697674,Production
1677,680.3670069414222,Production
1678,676.6431464559788,Production
1679,671.4445540714726,Production
1680,665.1973143821878,Production
1681,658.9456416263811,Production
1682,654.0858008932962,Production
1683,651.925631692381,Production
1684,653.2149915419957,Production
1685,657.826243963323,Production
1686,664.7244941012234,Production
1687,672.2597442619196,Production
1688,678.6816997540404,Production
1689,682.6854520804025,Production
1690,683.7877517418553,Production
1691,682.4101138305658,Production
1692,679.6649583052408,Production
1693,676.946564657087,Production
1694,675.4790389521875,Production
1695,675.9620793249369,Production
1696,678.4029794575171,Production
1697,682.1591878585014,Production
1698,686.1605304159531,Production
1699,689.2417534252936,Production
1700,690.495523650354,Production
1701,689.5543207597094,Production
1702,686.7278089908647,Production
1703,682.9577510059755,Production
1704,679.5967864146332,Production
1705,678.0587926240693,Production
1706,679.4183296489431,Production
1707,684.0514690251616,Production
1708,691.4091195637319,Production
1709,699.9942414681757,Production
1710,707.5726924733082,Production
1711,711.5866839260314,Production
1712,709.6760902987,Power-down
1713,700.1727275430528,Power-down
1714,682.4384859428974,Power-down
1715,656.9709613624321,Power-down
1716,625.275128798503,Power-down
1717,589.5618170109423,Power-down
1718,552.3627767491311,Power-down
1719,516.1500836831575,Power-down
1720,483.02741713347154,Power-down
1721,454.53284154568865,Power-down
1722,431.5623065178379,Power-down
1723,414.3948344260609,Power-down
1724,402.78174179525104,Power-down
1725,396.0598415735604,Power-down
1726,393.2615092109847,Non-production
1727,393.2143642877344,Non-production
1728,394.64071807412563,Non-production
1729,396.27535906995183,Non-production
1730,397.0154989018068,Non-production
1731,396.0982337685407,Non-production
1732,393.27539239200405,Non-production
1733,388.9361603069808,Non-production
1734,384.12656243021974,Non-production
1735,380.4353900105835,Non-production
1736,379.75109883550977,Power-up
1737,383.92958053446466,Power-up
1738,394.43618901869684,Power-up
1739,412.03266138805253,Power-up
1740,436.57382787371097,Power-up
1741,466.96378945479347,Power-up
1742,501.29462022203273,Power-up
1743,537.1506240866516,Power-up
1744,572.0163716849413,Power-up
1745,603.6956074259294,Power-up
1746,630.6452112883766,Power-up
1747,652.1536314833239,Power-up
1748,668.3340055170464,Power-up
1749,679.9447068483345,Power-up
1750,688.0878570102972,Production
1751,693.8672293536783,Production
1752,698.1034659829875,Production
1753,701.1935676887406,Production
1754,703.1561549849819,Production
1755,703.8340015051346,Production
1756,703.1580281597443,Production
1757,701.3456340004844,Production
1758,698.932750406382,Production
1759,696.6179248615941,Production
1760,694.9921837542998,Production
1761,694.2904389677919,Production
1762,694.2934876388365,Production
1763,694.435489558666,Production
1764,694.0688135497139,Production
1765,692.7607038629752,Production
1766,690.4834010714377,Production
1767,687.6141302557694,Production
1768,684.7517914998963,Production
1769,682.437044025791,Production
1770,680.8975400529141,Production
1771,679.9228239946201,Production
1772,678.9197952640882,Production
1773,677.1345736915179,Production
1774,673.9702934824841,Production
1775,669.2942057354678,Production
1776,663.6187625438291,Production
1777,658.0670605218396,Production
1778,654.096124887398,Production
1779,653.0411952598404,Production
1780,655.6295066056736,Production
1781,661.6505777588566,Production
1782,669.9308703011078,Production
1783,678.648474595967,Production
1784,685.8846768241335,Production
1785,690.2104181610341,Production
1786,691.0948452307038,Production
1787,689.0021695731047,Production
1788,685.168685897947,Production
1789,681.1637452327625,Production
1790,678.3942665705478,Production
1791,677.7047207598309,Production
1792,679.1738209694014,Production
1793,682.1435915919675,Production
1794,685.4559984146287,Production
1795,687.825442811732,Production
1796,688.2459592392223,Production
1797,686.3244214274755,Production
1798,682.4491434973226,Production
1799,677.7446213535081,Production
1800,673.8169560963673,Production
1801,672.345633572821,Production
1802,674.6142043720833,Production
1803,681.0903463960095,Production
1804,691.1636961504178,Production
1805,703.1251567548087,Production
1806,714.4204700172118,Production
1807,722.1374180565998,Production
1808,723.6101782266318,Power-down
1809,716.9786915937218,Power-down
1810,701.5520219798603,Power-down
1811,677.8926943631276,Power-down
1812,647.6324145710711,Power-down
1813,613.1047361239164,Power-down
1814,576.910811228477,Power-down
1815,541.5226354344126,Power-down
1816,508.99261447838796,Power-down
1817,480.7967058783869,Power-down
1818,457.8015238745145,Power-down
1819,440.31954123621944,Power-down
1820,428.20552478693736,Power-down
1821,420.95372295908766,Power-down
1822,417.7748549977095,Non-production
1823,417.6552116667568,Non-production
1824,419.4182652743601,Non-production
1825,421.8162869488257,Non-production
1826,423.67169978712843,Non-production
1827,424.0650674462293,Non-production
1828,422.5364609992702,Non-production
1829,419.24398544416414,Non-production
1830,415.0206535982426,Non-production
1831,411.29208672438574,Non-production
1832,409.8544303448722,Power-up
1833,412.54966035410877,Power-up
1834,420.90172256804016,Power-up
1835,435.78735740384843,Power-up
1836,457.2123038113529,Power-up
1837,484.24883622202253,Power-up
1838,515.1616260824094,Power-up
1839,547.7047369547895,Power-up
1840,579.523960573559,Power-up
1841,608.5662715994324,Power-up
1842,633.3975429193308,Power-up
1843,653.3600621456734,Power-up
1844,668.5478483824834,Power-up
1845,679.6230807911526,Power-up
1846,687.5320143352968,Production
1847,693.2013802221792,Production
1848,697.3025629366533,Production
1849,700.1532680462908,Production
1850,701.78191095254,Production
1851,702.1184745007207,Production
1852,701.2202784661315,Production
1853,699.4196679444378,Production
1854,697.3107912579379,Production
1855,695.5683197137987,Production
1856,694.6787529301392,Production
1857,694.7185466479002,Production
1858,695.3000384395687,Production
1859,695.7281974244507,Production
1860,695.3070918002205,Production
1861,693.6589147921679,Production
1862,690.9095914581037,Production
1863,687.6560416848056,Production
1864,684.7277399828201,Production
1865,682.8408935610819,Production
1866,682.2813630031587,Production
1867,682.7345620680313,Production
1868,683.3241229054021,Production
1869,682.8526634765387,Production
1870,680.1783669246413,Production
1871,674.6206910145554,Production
1872,666.2727029287468,Production
1873,656.1121354329853,Production
1874,645.8527639041112,Production
1875,637.5560838513584,Production
1876,633.1068885984517,Production
1877,633.7103587176622,Production
1878,639.5657411162612,Production
1879,649.8115425599956,Production
1880,662.7468386396556,Production
1881,676.2517939382564,Production
1882,688.2843559922223,Production
1883,697.3234484706716,Production
1884,702.6522253592028,Production
1885,704.4180043709852,Production
1886,703.4626617056014,Production
1887,700.9811442194792,Production
1888,698.1195986887524,Production
1889,695.6457265892251,Production
1890,693.7979804481091,Production
1891,692.3532077278659,Production
1892,690.8705658607798,Production
1893,689.0065214469768,Production
1894,686.7751270160488,Production
1895,684.6529410253748,Production
1896,683.4840255378986,Production
1897,684.2050301477742,Production
1898,687.4650497911475,Production
1899,693.2497129950593,Production
1900,700.6289274522421,Production
1901,707.728660900372,Production
1902,711.9761792835154,Production
1903,710.5907824625792,Power-down
1904,701.2089786510486,Power-down
1905,682.4767621117862,Power-down
1906,654.440586340268,Power-down
1907,618.6273890616523,Power-down
1908,577.796503560652,Power-down
1909,535.4325905778502,Power-down
1910,495.1028692766925,Power-down
1911,459.82161360808044,Power-down
1912,431.5580120058817,Power-down
1913,410.99294012055725,Power-down
1914,397.57350018788264,Power-down
1915,389.8363454908352,Power-down
1916,385.8945609791385,Power-down
1917,383.94002502654087,Non-production
1918,382.62256734574197,Non-production
1919,381.2221582324811,Non-production
1920,379.6051188483331,Non-production
1921,378.02083541744645,Non-production
1922,376.832139248646,Non-production
1923,376.27555244804125,Non-production
1924,376.32412811449143,Non-production
1925,376.6873302483068,Non-production
1926,376.93926025542436,Non-production
1927,376.7262726306913,Non-production
1928,375.9764994128977,Non-production
1929,375.0274021823902,Non-production
1930,374.6099374029534,Non-production
1931,375.67574173098154,Non-production
1932,379.1109490267858,Non-production
1933,385.4242133922717,Non-production
1934,394.5092876065051,Non-production
1935,405.56030139264806,Non-production
1936,417.1721454147899,Non-production
1937,427.60724190925345,Non-production
1938,435.1671576854646,Non-production
1939,438.57882055105506,Non-production
1940,437.29397347385867,Non-production
1941,431.6133071219573,Non-production
1942,422.5898997652111,Non-production
1943,411.7356779337505,Non-production
1944,400.6259642397748,Non-production
1945,390.5363892579903,Non-production
1946,382.2303157764193,Non-production
1947,375.94842532903135,Non-production
1948,371.5671790317083,Non-production
1949,368.8303066356871,Non-production
1950,367.54409827079724,Non-production
1951,367.6631116018795,Non-production
1952,369.2547038589102,Non-production
1953,372.3864929255352,Non-production
1954,377.00619082853297,Non-production
1955,382.8725655575994,Non-production
1956,389.5625541985247,Non-production
1957,396.54397577413556,Non-production
1958,403.2816610090424,Non-production
1959,409.340821677156,Non-production
1960,414.45970988974216,Non-production
1961,418.576397551423,Non-production
1962,421.80673565915373,Non-production
1963,424.3804844833835,Non-production
1964,426.5501018181852,Non-production
1965,428.49188916774875,Non-production
1966,430.22234644341654,Non-production
1967,431.55331432659295,Non-production
1968,432.1058667526479,Non-production
1969,431.3921142077137,Non-production
1970,428.9550094734372,Non-production
1971,424.532421441782,Non-production
1972,418.1921239506213,Non-production
1973,410.3809121117282,Non-production
1974,401.85267118384473,Non-production
1975,393.4845696598377,Non-production
1976,386.0402248162221,Non-production
1977,379.9681108090425,Non-production
1978,375.3142083049405,Non-production
1979,371.7813049841215,Non-production
1980,368.90546500650305,Non-production
1981,366.2733246289469,Non-production
1982,363.69310174822124,Non-production
1983,361.2587800819012,Non-production
1984,359.29444548380593,Non-production
1985,358.21125762858475,Non-production
1986,358.3358130731523,Non-production
1987,359.7706798294855,Non-production
1988,362.3311782572029,Non-production
1989,365.57634210976977,Non-production
1990,368.92356728480416,Non-production
1991,371.8104865453747,Non-production
1992,373.8500263350902,Non-production
1993,374.9233090016288,Non-production
1994,375.1752635016549,Non-production
1995,374.9156474853227,Non-production
1996,374.4687312917668,Non-production
1997,374.03831957539035,Non-production
1998,373.647847691614,Non-production
1999,373.1799257817584,Non-production
2000,372.49284074190285,Non-production
2001,371.5560857968143,Non-production
2002,370.53942609871245,Non-production
2003,369.81208227978453,Non-production
2004,369.8477933081621,Non-production
2005,371.06903958933975,Non-production
2006,373.68490022903376,Non-production
2007,377.57735357316426,Non-production
2008,382.2748615169339,Non-production
2009,387.0276754493053,Non-production
2010,390.9724021155916,Non-production
2011,393.347719084184,Non-production
2012,393.7037376856733,Non-production
2013,392.04196732264484,Non-production
2014,388.8375906521292,Non-production
2015,384.9298956514164,Non-production
2016,381.30895310133474,Non-production
2017,378.86022680800943,Non-production
2018,378.141366450354,Non-production
2019,379.25508038270516,Non-production
2020,381.85559431798004,Non-production
2021,385.2928265871518,Non-production
2022,388.86415498297623,Non-production
2023,392.1125849325867,Non-production
2024,395.0887058279375,Non-production
2025,398.4914082978691,Power-up
2026,403.6258211858165,Power-up
2027,412.16438554558965,Power-up
2028,425.7555437380109,Power-up
2029,445.57439539226476,Power-up
2030,471.9329203803515,Power-up
2031,504.05697418228914,Power-up
2032,540.0997046296375,Power-up
2033,577.4084049944861,Power-up
2034,613.0018767125921,Power-up
2035,644.1538598723956,Power-up
2036,668.93013067883,Power-up
2037,686.5188413691708,Power-up
2038,697.2471809856138,Power-up
2039,702.2861205205978,Production
2040,703.1653793553154,Production
2041,701.2926697288185,Production
2042,697.6564120420857,Production
2043,692.7971570428103,Production
2044,687.0074701223726,Production
2045,680.6233961499886,Production
2046,674.2452757199978,Production
2047,668.776518001702,Production
2048,665.2636015062712,Production
2049,664.6096220626556,Production
2050,667.2785857970892,Production
2051,673.0985491465892,Production
2052,681.2259096277606,Production
2053,690.2781787269045,Production
2054,698.5979714597211,Production
2055,704.5826213435752,Production
2056,707.0012224356241,Production
2057,705.2249005734523,Production
2058,699.3190132175764,Production
2059,689.9849449215716,Production
2060,678.3816256168592,Production
2061,665.8857982472523,Production
2062,653.8554909025557,Production
2063,643.4459219037977,Production
2064,635.5019696049586,Production
2065,630.5268613020481,Production
2066,628.7084778645275,Production
2067,629.9744300060914,Production
2068,634.0461099512326,Production
2069,640.4711002262763,Production
2070,648.6302208148032,Production
2071,657.7339025328059,Production
2072,666.835314244408,Production
2073,674.8891621808899,Production
2074,680.8724464067765,Production
2075,683.9583527342269,Production
2076,683.7050587194125,Production
2077,680.200889705733,Production
2078,674.1083305109165,Production
2079,666.5751213046071,Production
2080,659.0213748423719,Production
2081,652.8504626905734,Production
2082,649.1551681555795,Production
2083,648.4952270632822,Production
2084,650.8093194628373,Production
2085,655.4948499776556,Production
2086,661.642570517956,Production
2087,668.3567450934665,Production
2088,675.0450755437627,Production
2089,681.5539563184221,Production
2090,688.0717657258216,Production
2091,694.816851025927,Production
2092,701.6294383149622,Production
2093,707.6474972450844,Production
2094,711.2306193546503,Production
2095,710.2045187903037,Power-down
2096,702.370961906811,Power-down
2097,686.1216122154729,Power-down
2098,660.9558516083321,Power-down
2099,627.7426093955789,Power-down
2100,588.656071356815,Power-down
2101,546.8103254127808,Power-down
2102,505.6886948256989,Power-down
2103,468.50371650354475,Power-down
2104,437.63631688872414,Power-down
2105,414.2851990896641,Power-down
2106,398.40454435490585,Power-down
2107,388.92617633237654,Power-down
2108,384.177910847573,Power-down
2109,382.3583550442939,Non-production
2110,381.93047739635716,Non-production
2111,381.84525621438246,Non-production
2112,381.5768209024378,Non-production
2113,381.0128503139864,Non-production
2114,380.2790614367818,Non-production
2115,379.5791637058211,Non-production
2116,379.1085002891553,Non-production
2117,379.0628809884833,Non-production
2118,379.72492763640264,Non-production
2119,381.57740563403996,Non-production
2120,385.37528348056685,Power-up
2121,392.11402308251223,Power-up
2122,402.86408751241436,Power-up
2123,418.4940519396984,Power-up
2124,439.35923425277895,Power-up
2125,465.065247235923,Power-up
2126,494.4061341487117,Power-up
2127,525.5221831930555,Power-up
2128,556.2448868014206,Power-up
2129,584.5311583339657,Power-up
2130,608.8624914389021,Power-up
2131,628.5013032852545,Power-up
2132,643.5417807630137,Power-up
2133,654.7478098403417,Power-up
2134,663.2248807143444,Production
2135,670.019978952426,Production
2136,675.7724286174018,Production
2137,680.5332319492888,Production
2138,683.8212501472697,Production
2139,684.9012886623913,Production
2140,683.1819235413986,Production
2141,678.5785024381373,Production
2142,671.6968727966213,Production
2143,663.7652659289968,Production
2144,656.3428230646945,Production
2145,650.9160629478251,Production
2146,648.5244625510106,Production
2147,649.5288591859545,Production
2148,653.5742575165148,Production
2149,659.7331902731204,Production
2150,666.7683806538693,Production
2151,673.4302250422875,Production
2152,678.7041705095713,Production
2153,681.9440726034327,Production
2154,682.8681936261156,Production
2155,681.4461248956864,Production
2156,677.7491888319892,Production
2157,671.8519550370512,Production
2158,663.846509908068,Production
2159,653.9717749856779,Production
2160,642.7935489625293,Production
2161,631.3300349038863,Production
2162,621.0259998005213,Production
2163,613.536960332385,Production
2164,610.3673882844072,Production
2165,612.4742671458808,Production
2166,619.9673547231073,Production
2167,632.0036979516275,Production
2168,646.9076149588609,Production
2169,662.4814437072978,Production
2170,676.4292882835987,Production
2171,686.7991723770594,Production
2172,692.3514786840245,Production
2173,692.777938991174,Production
2174,688.7253444998468,Production
2175,681.6202696896155,Production
2176,673.3366274063173,Production
2177,665.7830927964893,Production
2178,660.5032986337832,Production
2179,658.37795213945,Production
2180,659.4981120761472,Production
2181,663.2437661163307,Production
2182,668.5507959148592,Production
2183,674.2885124181174,Production
2184,679.6196636862401,Production
2185,684.204211417178,Production
2186,688.1560995942175,Production
2187,691.7597018069822,Production
2188,695.0603695150971,Production
2189,697.5097619230795,Production
2190,697.8357661736775,Production
2191,694.2200271225465,Power-down
2192,684.741940172799,Power-down
2193,667.9426126523953,Power-down
2194,643.3204280207484,Power-down
2195,611.6020139716721,Power-down
2196,574.7130189651087,Power-down
2197,535.4618305132303,Power-down
2198,497.0188198840768,Power-down
2199,462.31716575092054,Power-down
2200,433.5191076253849,Power-down
2201,411.6786410575428,Power-down
2202,396.681638206868,Power-down
2203,387.4632574144327,Power-down
2204,382.41726657399545,Power-down
2205,379.85879804189415,Non-production
2206,378.4027637919852,Non-production
2207,377.16901747240587,Non-production
2208,375.79653192068713,Non-production
2209,374.31263186881233,Non-production
2210,372.9393159151441,Non-production
2211,371.9214070053305,Non-production
2212,371.4376088059281,Non-production
2213,371.6176203182662,Non-production
2214,372.6471342534952,Non-production
2215,374.90670570859646,Non-production
2216,379.0698871355342,Power-up
2217,386.090674400392,Power-up
2218,397.0445705533437,Power-up
2219,412.84432344013555,Power-up
2220,433.9109867612124,Power-up
2221,459.91675200783465,Power-up
2222,489.70618275844896,Power-up
2223,521.4446642976003,Power-up
2224,552.9608478753436,Power-up
2225,582.1816184107215,Power-up
2226,607.5319565133682,Power-up
2227,628.1917080319455,Power-up
2228,644.1500924157012,Power-up
2229,656.0556671339165,Power-up
2230,664.911497936275,Power-up
2231,671.7065982152156,Production
2232,677.0970314015816,Production
2233,681.2410836382234,Production
2234,683.8461867330462,Production
2235,684.4105388841048,Production
2236,682.5662130661864,Production
2237,678.3862476822692,Production
2238,672.5292796640948,Production
2239,666.1605796413211,Production
2240,660.6789231164869,Production
2241,657.3523068310062,Production
2242,656.9908464758305,Production
2243,659.7581922855355,Production
2244,665.1643341326314,Production
2245,672.2219901140489,Production
2246,679.705924436638,Production
2247,686.4350189910771,Production
2248,691.4987050529777,Production
2249,694.3704318168662,Production
2250,694.8892249154943,Production
2251,693.1384522364677,Production
2252,689.2918098146038,Production
2253,683.5098980739967,Production
2254,675.9454695953515,Production
2255,666.858958904878,Production
2256,656.7830999283932,Production
2257,646.637515458563,Production
2258,637.7031366449316,Production
2259,631.4221636056775,Production
2260,629.0673566667724,Production
2261,631.3869741347737,Production
2262,638.3483177721893,Production
2263,649.0678457919711,Production
2264,661.9502864937729,Production
2265,674.995773863335,Production
2266,686.1953530109985,Production
2267,693.9246175583128,Production
2268,697.2541864481027,Production
2269,696.1158425629441,Production
2270,691.2916470099121,Production
2271,684.2291087891612,Production
2272,676.7227315908085,Production
2273,670.5311593279291,Production
2274,667.012815391106,Production
2275,666.8607131477708,Production
2276,670.000670998296,Production
2277,675.685664729639,Production
2278,682.7704803249732,Production
2279,690.0907540439496,Production
2280,696.8196239913137,Production
2281,702.6634583702793,Production
2282,707.8052856034662,Production
2283,712.6022205046379,Production
2284,717.1521145016844,Production
2285,720.9127217959801,Production
2286,722.5477249883617,Production
2287,720.0887179465351,Power-down
2288,711.3786670463232,Power-down
2289,694.6561064251092,Power-down
2290,669.0947177677052,Power-down
2291,635.140494772987,Power-down
2292,594.5629554200286,Power-down
2293,550.2183991024245,Power-down
2294,505.5867048773059,Power-down
2295,464.1847315915127,Power-down
2296,428.9816163527498,Power-down
2297,401.9404225279403,Power-down
2298,383.77996464527007,Power-down
2299,373.9932064537168,Power-down
2300,371.0932533838477,Power-down
2301,373.00887094533147,Non-production
2302,377.53054466182687,Non-production
2303,382.71124350551673,Non-production
2304,387.14512722736856,Non-production
2305,390.0792323868694,Non-production
2306,391.3562507445527,Non-production
2307,391.23391039907216,Non-production
2308,390.16340826564164,Non-production
2309,388.61889486775794,Non-production
2310,387.04336579626903,Non-production
2311,385.9205880060438,Non-production
2312,385.9204216969996,Non-production
2313,388.0239608261735,Power-up
2314,393.5343298171797,Power-up
2315,403.919761137331,Power-up
2316,420.50111260445817,Power-up
2317,444.0598936986594,Power-up
2318,474.4806880830614,Power-up
2319,510.54207802630356,Power-up
2320,549.9378643629144,Power-up
2321,589.558637195417,Power-up
2322,626.0018672812774,Power-up
2323,656.2127442380463,Power-up
2324,678.1022704009115,Power-up
2325,690.9696252150894,Power-up
2326,695.5961890157794,Power-up
2327,693.9773650632436,Production
2328,688.778165628141,Production
2329,682.684787035854,Production
2330,677.8408761653309,Production
2331,675.5062579591005,Production
2332,675.9895339899884,Production
2333,678.8221416548492,Production
2334,683.0848749785724,Production
2335,687.7751608784778,Production
2336,692.1103894355235,Production
2337,695.6926954344643,Production
2338,698.5070839058689,Production
2339,700.7781491026375,Production
2340,702.7560786083885,Production
2341,704.5235129420684,Production
2342,705.9011803324389,Production
2343,706.4861302547494,Production
2344,705.800316815506,Production
2345,703.4838864530316,Production
2346,699.454995229696,Production
2347,693.9786416915097,Production
2348,687.6270444708188,Production
2349,681.1530305896634,Production
2350,675.3210649780451,Production
2351,670.7449538115611,Production
2352,667.7722262829412,Production
2353,666.4395739545104,Production
2354,666.5056695902958,Production
2355,667.5493357352525,Production
2356,669.1052884231189,Production
2357,670.8004892741312,Production
2358,672.4539771017558,Production
2359,674.1115668032545,Production
2360,676.0020951377835,Production
2361,678.4220761527097,Production
2362,681.5785352363309,Production
2363,685.44082259412,Production
2364,689.6626980683051,Production
2365,693.6252353754962,Production
2366,696.6130733502761,Production
2367,698.0783272807796,Production
2368,697.8917692949575,Production
2369,696.461827670433,Production
2370,694.6406046840932,Production
2371,693.4261470490538,Production
2372,693.5723117212076,Production
2373,695.2768570313693,Production
2374,698.0962458869607,Production
2375,701.1355262189935,Production
2376,703.431319784212,Production
2377,704.3523303826242,Production
2378,703.8327245258507,Production
2379,702.3316354101635,Production
2380,700.5349579614195,Production
2381,698.9235659025655,Production
2382,697.3807778212944,Production
2383,694.9913328153174,Production
2384,690.1142672292312,Power-down
2385,680.7249362651847,Power-down
2386,664.9437006695438,Power-down
2387,641.6148370976023,Power-down
2388,610.7753799316106,Power-down
2389,573.8664929006305,Power-down
2390,533.5973331757937,Power-down
2391,493.46936553449547,Power-down
2392,457.07878125488986,Power-down
2393,427.3897748691589,Power-down
2394,406.1765930086077,Power-down
2395,393.7672520058729,Power-down
2396,389.121397997307,Power-down
2397,390.18413176296445,Non-production
2398,394.40345752992323,Non-production
2399,399.2823303391542,Non-production
2400,402.847098052691,Non-production
2401,403.9451338655365,Non-production
2402,402.3310405497505,Non-production
2403,398.55494197082186,Non-production
2404,393.71406652227796,Non-production
2405,389.1549313424835,Non-production
2406,386.2102183645458,Non-production
2407,386.02628837586457,Power-up
2408,389.49771720937184,Power-up
2409,397.2885845399069,Power-up
2410,409.89487993155706,Power-up
2411,427.69147895596865,Power-up
2412,450.9135333477712,Power-up
2413,479.54809681138187,Power-up
2414,513.1534336393178,Power-up
2415,550.6682626267254,Power-up
2416,590.3039258236394,Power-up
2417,629.6120462815414,Power-up
2418,665.777410831785,Power-up
2419,696.1050474865768,Power-up
2420,718.5798362347707,Power-up
2421,732.3210341385713,Power-up
2422,737.7697465771939,Power-up
2423,736.537096153977,Production
2424,730.9641564425831,Production
2425,723.5415276379573,Production
2426,716.3663031495928,Production
2427,710.7768990250975,Production
2428,707.2314719059782,Production
2429,705.4191678343051,Production
2430,704.5388473466818,Production
2431,703.6539674233971,Production
2432,702.0307229609407,Production
2433,699.3821789008437,Production
2434,695.9680680165051,Production
2435,692.5334873674627,Production
2436,690.1047266776543,Production
2437,689.6911986091781,Production
2438,691.96428809425,Production
2439,696.9940098969305,Production
2440,704.1201119458148,Production
2441,712.0118891616584,Production
2442,718.927267313167,Production
2443,723.1210933298732,Production
2444,723.2934556492611,Production
2445,718.9394840437819,Production
2446,710.4845015054597,Production
2447,699.1610505742541,Production
2448,686.6770408481468,Production
2449,674.7939244097399,Production
2450,664.9507905890462,Production
2451,658.034394625189,Production
2452,654.3307708091758,Production
2453,653.632029150468,Production
2454,655.4323805684577,Production
2455,659.1352472376861,Production
2456,664.2044922206891,Production
2457,670.221198769,Production
2458,676.845870968919,Production
2459,683.7245515642202,Production
2460,690.4033262987344,Production
2461,696.3162447435546,Production
2462,700.8804994289022,Production
2463,703.6771566541344,Production
2464,704.639442518087,Production
2465,704.1452271164701,Production
2466,702.9381522278661,Production
2467,701.8784798995617,Production
2468,701.6150441891799,Production
2469,702.323905900833,Production
2470,703.6423588621925,Production
2471,704.8413280873169,Production
2472,705.1663768373512,Production
2473,704.1955924187829,Production
2474,702.0533040103601,Production
2475,699.3845478515436,Production
2476,697.1006099234639,Production
2477,695.9989701488198,Production
2478,696.4029685977335,Production
2479,697.9491029586509,Production
2480,699.5913234015953,Production
2481,699.8203503820131,Production
2482,697.0339757334649,Production
2483,689.9522655151695,Power-down
2484,677.9549115296741,Power-down
2485,661.2332018564425,Power-down
2486,640.7016934820196,Power-down
2487,617.6973522869152,Power-down
2488,593.5775727249815,Power-down
2489,569.3722394337294,Power-down
2490,545.6219463594067,Power-down
2491,522.4513150263045,Power-down
2492,499.8218184931343,Power-down
2493,477.832721592499,Power-down
2494,456.9261288361166,Power-down
2495,437.9044637140324,Power-down
2496,421.75668639923447,Power-down
2497,409.3702997985046,Power-down
2498,401.246067598693,Power-down
2499,397.32224381252865,Non-production
2500,396.9699437690454,Non-production
2501,399.16539807363904,Non-production
2502,402.7953449840903,Non-production
2503,407.01513708963876,Non-production
2504,411.5592768855068,Non-production
2505,416.9076226019831,Power-up
2506,424.2419593399037,Power-up
2507,435.1828162593451,Power-up
2508,451.3606366624261,Power-up
2509,473.9278304822856,Power-up
2510,503.1405273672191,Power-up
2511,538.1243644223596,Power-up
2512,576.8952807367546,Power-up
2513,616.6481797762301,Power-up
2514,654.2628600885746,Power-up
2515,686.9140489543998,Power-up
2516,712.6254415886581,Power-up
2517,730.6022378182719,Power-up
2518,741.2342305665969,Power-up
2519,745.7752914825958,Production
2520,745.8300605233786,Production
2521,742.8523322303597,Production
2522,737.8423358852516,Production
2523,731.3302033432873,Production
2524,723.6004029942382,Production
2525,715.0101509238416,Production
2526,706.2284598335093,Production
2527,698.2768202902413,Production
2528,692.3534419649468,Production
2529,689.518241846374,Production
2530,690.3645743290385,Production
2531,694.7955630124808,Production
2532,701.9755818977648,Production
2533,710.4691583762323,Production
2534,718.530207334641,Production
2535,724.4704166087441,Production
2536,727.0176710328047,Production
2537,725.5766504172288,Production
2538,720.3279661294517,Production
2539,712.1465470741823,Production
2540,702.370445401059,Production
2541,692.4886270888795,Production
2542,683.828608053851,Production
2543,677.313284050326,Production
2544,673.3310869006006,Production
2545,671.7349362015307,Production
2546,671.9586433688713,Production
2547,673.2162409482008,Production
2548,674.7328604907636,Production
2549,675.9497972974991,Production
2550,676.6541026902225,Production
2551,677.0027207228487,Production
2552,677.4374625340603,Production
2553,678.5139438315771,Production
2554,680.6904189582929,Production
2555,684.137556589658,Production
2556,688.6327569979205,Production
2557,693.5863396191403,Production
2558,698.2082494371224,Production
2559,701.7692915813782,Production
2560,703.8610246522564,Production
2561,704.5417307275711,Production
2562,704.2916613698617,Production
2563,703.78261321441,Production
2564,703.5588456387618,Production
2565,703.7791478652296,Production
2566,704.1497037086231,Production
2567,704.0883019115142,Production
2568,703.0452253228483,Production
2569,700.8241097946619,Production
2570,697.7397930016675,Production
2571,694.5222662134547,Production
2572,691.9889821342947,Production
2573,690.6074574601845,Production
2574,690.1150565553004,Production
2575,689.3427848797917,Production
2576,686.3225918278163,Power-down
2577,678.6725097378228,Power-down
2578,664.175633841146,Power-down
2579,641.411340111063,Power-down
2580,610.2684336615873,Power-down
2581,572.1803931382874,Power-down
2582,529.9835455233175,Power-down
2583,487.4062496429038,Power-down
2584,448.3180713755021,Power-down
2585,415.95010813685496,Power-down
2586,392.3016328613424,Power-down
2587,377.8743677211568,Power-down
2588,371.76323678097145,Power-down
2589,372.03210195963237,Power-down
2590,376.2451176464603,Non-production
2591,382.0106364341501,Non-production
2592,387.4136684244697,Non-production
2593,391.2549521807119,Non-production
2594,393.0721493548627,Non-production
2595,392.98028786792804,Non-production
2596,391.41738247887156,Non-production
2597,388.89974670205066,Non-production
2598,385.87152955436204,Non-production
2599,382.6818514342303,Non-production
2600,379.6623559317884,Non-production
2601,377.2345866418481,Non-production
2602,375.96864333311873,Non-production
2603,376.5432709804453,Non-production
2604,379.60707473833156,Non-production
2605,385.58682315105705,Non-production
2606,394.5119488838385,Non-production
2607,405.9181618993974,Non-production
2608,418.86579316529617,Non-production
2609,432.07456447562396,Non-production
2610,444.1463498961365,Non-production
2611,453.82483944058896,Non-production
2612,460.2280706554606,Non-production
2613,462.9916611949778,Non-production
2614,462.28254455865914,Non-production
2615,458.68290049872695,Non-production
2616,452.9876068647913,Non-production
2617,445.98604052618396,Non-production
2618,438.2980455194819,Non-production
2619,430.30687061569483,Non-production
2620,422.1926819721532,Non-production
2621,414.03529179793475,Non-production
2622,405.9355948252408,Non-production
2623,398.10530969890226,Non-production
2624,390.89027306687774,Non-production
2625,384.71665298105387,Non-production
2626,379.9753200168974,Non-production
2627,376.8819632888568,Non-production
2628,375.36420223392975,Non-production
2629,375.02604869299535,Non-production
2630,375.220245198017,Non-production
2631,375.2224575719246,Non-production
2632,374.46018879948656,Non-production
2633,372.7216079613683,Non-production
2634,370.2689403622758,Non-production
2635,367.8089154477853,Non-production
2636,366.3175948429703,Non-production
2637,366.7616627895694,Non-production
2638,369.78936170662007,Non-production
2639,375.47596918748144,Non-production
2640,383.2010418811186,Non-production
2641,391.7085482539297,Non-production
2642,399.35692723574374,Non-production
2643,404.50911142051524,Non-production
2644,405.9586922392996,Non-production
2645,403.26210900269876,Non-production
2646,396.8672724563904,Non-production
2647,387.9950867759442,Non-production
2648,378.31549538504044,Non-production
2649,369.52596183441034,Non-production
2650,362.9612643421213,Non-production
2651,359.33779376040883,Non-production
2652,358.68237713341205,Non-production
2653,360.43920914319983,Non-production
2654,363.7045157230269,Non-production
2655,367.51225895012004,Non-production
2656,371.0868363983026,Non-production
2657,373.99239090452664,Non-production
2658,376.1431532540994,Non-production
2659,377.68788906316894,Non-production
2660,378.82763813294514,Non-production
2661,379.64987766669105,Non-production
2662,380.05172294844937,Non-production
2663,379.7829895689627,Non-production
2664,378.5854739436352,Non-production
2665,376.36271705352317,Non-production
2666,373.30328821707906,Non-production
2667,369.9028895753775,Non-production
2668,366.8729293455941,Non-production
2669,364.96510155681574,Non-production
2670,364.76717444947167,Non-production
2671,366.5300422371677,Non-production
2672,370.0745968577509,Non-production
2673,374.80596493558875,Non-production
2674,379.8364902476712,Non-production
2675,384.1904767201633,Non-production
2676,387.03899372565274,Non-production
2677,387.9012257570491,Non-production
2678,386.7572025007508,Non-production
2679,384.04421968704713,Non-production
2680,380.5449658180575,Non-production
2681,377.20443184343515,Non-production
2682,374.92536411531233,Non-production
2683,374.38825824168384,Non-production
2684,375.92844487667236,Non-production
2685,379.48705316189483,Non-production
2686,384.6382334118427,Non-production
2687,390.68242479120516,Non-production
